Wall time,Step,Value
1735931928.2581074,2843,0.28833168745040894
1735932824.7083921,5686,0.30453357100486755
1735933719.6987023,8529,0.3921346962451935
1735934615.2802122,11372,0.5153912901878357
1735935510.623754,14215,0.6031360030174255
