Wall time,Step,Value
1735931928.2581599,2843,0.8851842880249023
1735932824.7084498,5686,0.8914172649383545
1735933719.6987543,8529,0.8869650959968567
1735934615.2802663,11372,0.8886470198631287
1735935510.6238008,14215,0.8891664743423462
