Wall time,Step,Value
1735923149.268833,2843,0.8996537327766418
1735924050.4473684,5686,0.9061340689659119
1735924943.380716,8529,0.9062577486038208
1735925841.2543116,11372,0.9081869721412659
1735926739.9447052,14215,0.9085580110549927
