Wall time,Step,Value
1735923149.268732,2843,0.24225039780139923
1735924050.4473107,5686,0.24319787323474884
1735924943.3806677,8529,0.2799258828163147
1735925841.2542522,11372,0.35240304470062256
1735926739.9446397,14215,0.43481048941612244
