Wall time,Step,Value
1735931999.7751045,3068,0.452976256608963
1735932901.694005,6136,0.4980819523334503
1735933804.377825,9204,0.5958800315856934
1735934708.3006542,12272,0.7664169669151306
1735935616.1749518,15340,0.8469392657279968
