Wall time,Step,Value
1735931999.7751522,3068,0.8315843343734741
1735932901.6940534,6136,0.8312786817550659
1735933804.3778706,9204,0.8258787393569946
1735934708.3007028,12272,0.8276107907295227
1735935616.1749964,15340,0.8302597999572754
