Wall time,Step,Value
1735923089.8080788,3068,0.8300560116767883
1735923995.183425,6136,0.8321956396102905
1735924900.761085,9204,0.8352521657943726
1735925806.1532662,12272,0.8380030393600464
1735926712.6254776,15340,0.8383086919784546
