Wall time,Step,Value
1735923089.8080347,3068,0.4469681680202484
1735923995.1833823,6136,0.46223771572113037
1735924900.7610393,9204,0.5298632383346558
1735925806.153224,12272,0.6559119820594788
1735926712.625431,15340,0.7798036932945251
